ID,SalesInMillions
4310,1.875496099540232
4011,2.2820545724821146
2185,3.0234002261722766
1644,1.9137105928238065
188,1.7262740897691828
1477,1.652617584753949
2971,1.6567415023461955
4456,1.7112358246009465
1547,1.7232674928026068
2351,1.8900049101344767
1802,2.05700668877045
2835,2.594941814782513
3626,1.4359047791243698
3491,1.5948211155209928
2923,1.4744466685446491
2074,2.403331688276247
729,1.8014614183238493
94,1.353247463918125
1191,1.5525788557341602
1527,3.9164671491097587
3911,1.4672791420858033
1609,1.4926634954616769
2528,2.035070362731492
3888,4.1279149392510295
4458,1.9720955366485318
3462,1.8542694937384332
3211,1.6028886453067455
946,1.2345261689243925
3829,1.5382974474099211
1724,3.598499918492911
877,1.5492393543079501
4059,1.7078087676382487
3658,9.62492127606198
1748,3.741742835981468
4157,1.923628281843597
1283,1.908535514083764
916,1.6260497521676123
1535,2.1608770301658877
515,2.1015479340251284
3251,1.641557680494455
2329,2.0938247797071017
3557,2.255930966888049
476,1.6083461858321741
1346,1.6444177437237386
1990,1.942232135163147
2649,1.4432447900359366
2187,1.7621210557123448
858,2.9142630386162955
3563,2.7867878525069516
2361,1.997012146015318
3942,3.652386029044873
3179,1.7264050785989482
993,1.9953620010135609
725,1.5630554827538001
3805,2.081039564936961
3793,1.8270280650570492
671,1.8117110202720188
3019,5.622438037179798
34,2.3287100529154747
4027,1.7038161031159327
667,2.393533258969538
2905,1.9766977272290536
962,1.8411617204786226
1809,1.9997290554598917
1989,1.925382346359576
1509,1.8352559708500877
723,1.5693325767626174
588,2.2065755769885538
1206,2.0800710823527018
227,2.4652875642701617
159,1.7662341749142914
4414,2.0697971544996943
1143,2.73352868891718
94,1.5691099010325111
1530,4.573223351399621
2055,1.711444686172348
4078,1.6849910109716533
2621,1.8321104812242215
2292,2.1704774036354064
1292,1.8461146120394283
2456,1.7394454393659244
710,1.0113916210608926
3321,2.1674071894380775
360,1.31534232286181
764,1.5810110505212762
3468,1.7642141433932803
4438,2.352723215534593
885,1.443881448024062
4443,1.957641456622455
647,2.3425458457824404
1738,1.6705841178460754
2704,1.8129644751238783
2850,3.4861176333461885
310,1.161707303041221
103,1.86638842949372
2331,1.9222323031317834
1274,2.328701531464972
2787,2.7704073500358697
3953,2.059179712145587
3457,1.7838458005792464
2675,2.17089727381282
1238,2.573238932214449
3084,1.9479715368339328
3759,2.664654985188048
1985,1.4669901028967176
2924,3.4287834513008804
108,1.6566064302786685
3099,1.9091723265749152
4430,1.9758678934259621
4040,1.5738957830045963
3401,1.657921863152481
3230,1.2006651743026424
841,5.542330334764447
1699,2.4732583196539766
417,1.5975700783761564
2383,1.7870463099387202
3016,1.593873589477361
185,2.232385531710431
387,1.9420680909927721
265,3.8872583356989416
3136,1.8579079284473778
2158,1.6550715508618647
3193,1.3597276782830139
635,1.9368418483556613
2422,1.8028817419437622
1196,2.158993241420476
1508,1.779718608117412
2275,2.351830909281514
2473,1.5892950993931776
1085,1.8847953677518974
1674,0.9851375621098523
2660,1.9088101670238433
3683,2.9271224176405397
3422,2.709319182984779
672,1.8309558849607963
2280,2.032114656270442
2329,2.262488821791771
3009,1.797351831002398
4326,1.773582300369546
1237,2.1998763495741045
409,2.539623107570102
968,2.3611580872591458
3635,1.4721221340626183
3841,1.998793150498915
130,1.7955650492923763
1430,1.8228135204160982
2564,2.853858676648661
3623,1.4900906592332117
293,2.3519926009222103
3657,2.6348364098901254
2327,1.9929797113454897
4426,1.6064196143171359
1506,1.8156694681050893
172,1.7239121777599962
3019,4.49112010562389
1216,1.4581819446631414
2153,2.3385385738299282
3530,1.9857003379498614
840,1.711590110447466
4461,1.5163536241211677
1931,1.5034023289395964
4071,1.4302664963411618
826,2.41951922851238
2141,4.49421139907097
3849,1.6899740836522645
530,1.5154078288013306
1465,3.4236654257609134
499,1.8052546955233388
781,1.9718105490372575
2225,1.5264485067418812
3419,2.2086985280285214
2721,2.5135277270303837
4466,1.6297211154767663
3157,2.510387678060757
3763,1.9310388461141543
719,2.0495841873144762
2472,2.0369189200066495
4221,1.4975252232333471
3556,2.182852909214899
4097,2.2152595508308663
3131,3.0551443583573743
2681,1.954401656658528
360,1.6286497811982883
40,1.911496271552767
3606,1.7665335696469824
3573,1.8556724272531782
3967,1.7796422309569784
4162,2.020748847408226
3777,1.2817932543849906
3756,3.5568649254817517
2306,2.6921648401886555
488,2.02080561362263
2398,1.8359418398381997
2897,1.8480686965951398
747,2.4981751567665933
198,1.5737322787605186
3047,1.6053689537248055
4083,1.3867830214594825
289,1.9378124500826512
2080,1.8848505752315368
369,1.6107703734942382
1697,1.4949033688507574
2630,1.9344466498112909
257,1.536287507474962
2828,1.3755031716245814
1396,3.8675591063783634
2640,2.0614579584201205
3121,1.662205617140182
500,2.0027855111315156
3680,1.8018885651090883
2017,2.4293133887494918
2715,1.9533143293109763
958,3.54867431871736
2528,2.070897136865716
1246,2.486483261536663
266,3.949027040122811
451,2.7712606119546783
794,2.1356413019016927
4316,1.6001436530094064
1417,2.3373831262107503
974,1.650531687168217
2590,2.1801969060918838
305,1.899031675564618
645,1.8651102690888308
181,2.4907565293617457
1041,1.7971645766928503
4173,1.8116320596797872
3454,2.7250786303433685
538,3.095720122251958
2109,1.7122084532964021
919,1.568962880645993
4426,1.904834803280791
2057,1.8159621171394165
2878,1.5862975590544937
1115,1.5768414509233843
4080,2.552020569853261
943,1.6571931240093591
1406,2.4455496209827987
462,2.980102407997008
1991,2.282602418846497
4389,3.1878069568640606
2147,2.525178436272509
2481,2.0602180297285093
365,1.7277360587601613
2433,1.8392219115265551
3123,2.3382620148533717
3942,2.5707068530224197
277,1.4713314631267314
1322,2.637808968636144
560,1.644762176402556
1138,3.4952964977480185
4170,2.43931762660983
640,1.7869424974147763
1698,2.388729597263095
2537,2.7968270178560055
4088,1.22863981844815
2423,1.4042738684541003
194,3.414050911105469
1175,1.8502135924574703
2159,1.967672277700013
2185,2.018072749137989
1835,1.8724363523609662
1994,1.492812543578562
1900,2.2287825093239264
3923,3.8830675191921067
3583,3.0808795171941723
4432,1.9445759531146192
2587,1.9433405838673525
1879,4.317896658899158
3956,1.6919091723928905
2498,1.8094066464772383
1044,1.9806560948732828
1849,1.8422782700862956
4241,1.2775293122818803
1719,1.7254877586933026
945,1.7109239847975268
673,2.3684482268909486
4074,1.7378005130082053
3072,3.734893974269601
3524,1.964659982270598
748,2.161855835331733
3896,3.062580199906737
3577,2.499655458087292
2015,3.6728381338560796
856,2.3942221939937434
1480,1.9210144104784361
780,1.6301613857940473
1313,1.3393967970315779
4085,2.4510441560477885
3930,2.3157156495912274
2910,2.2432366134335715
3578,1.9694837509655236
2669,2.319609080052473
4482,1.897554893016785
3215,1.6547149204826064
2590,1.707071787325183
3502,1.664282151423042
1673,1.4465978805043176
3780,2.0917487730946704
4045,1.6516874455675932
4228,2.1139515189803486
428,1.7898754194142463
2159,1.6370478215491602
2578,2.016428147666736
3110,2.1820824878631155
2714,2.032361308465961
2139,6.853951401692383
1211,2.28040394820814
105,1.4777045432597289
949,2.7340060515227997
1824,1.6014211569694474
225,1.9241114417300635
1640,1.9755278234399813
3586,2.8330148781239974
2408,1.7806602690941056
3110,1.932340835763774
1298,1.9753375192378786
1944,3.327838762716717
1722,1.6401729924807846
2970,2.037375037914324
3280,1.6813753930086865
2968,2.4728480257992596
4322,1.8624458754345816
1282,2.329290667533086
4151,3.033171048545722
57,1.379760130625305
2513,2.2045068230724274
2074,3.188545612794247
3777,1.7341816513690134
1486,1.7472463182850873
3238,1.3389530112909545
2037,1.752941345756615
1501,2.39285135148529
3413,2.152701932543568
2474,1.795361608664382
2892,2.2545714776715124
3344,1.7634719359772368
3190,2.8495985598680345
142,1.4412666280073982
1295,2.2720851054977276
2808,1.5889254660322083
2362,2.6385050975909485
2153,1.873795455500375
1994,1.7195120856294763
2166,2.632878760856066
3380,3.2227848652518545
3059,1.8909059514333186
2645,1.9439142944761556
3812,1.6829915754624298
4382,1.633789055477198
3555,1.9231100129227277
4431,2.063415105796923
2405,2.54852178088109
3400,2.052725646599698
2006,2.7334449484611505
4165,1.4790845907952883
107,1.994009476349103
2905,2.011211055098168
77,1.6476890710114909
2706,1.639927542255584
1248,3.4573079555225426
340,1.7887588194589277
170,1.6535930328691613
751,1.9300437958776293
2003,2.444127013617499
3627,1.6857301140617191
4090,1.945734029314092
3379,2.0991290041666844
2789,1.7656321225241265
1721,1.6905679652871406
2782,2.1427964857807784
2861,1.7896309884766062
1950,1.6917408083710939
1542,3.580541622428652
1998,1.5304482986515342
4217,2.2544908637760095
2212,1.9236978471484485
2187,2.030573919369555
4056,1.914305561790225
1355,1.4745534096935544
2357,2.421597888925272
4451,1.7295767480636257
1970,2.167008277440708
1728,1.4379139435999695
379,1.5142902805949678
1383,1.949231632325033
4493,2.3433795552022985
4087,1.4774405909551498
4330,2.171096912946985
2224,2.0087955178506345
2541,1.7048374402377902
933,2.23347342093263
643,1.4372491769304543
3782,1.6238964983340787
1142,2.3240184706805014
3673,1.26666481223998
3443,2.3362306850485366
4511,1.9045393625047224
491,2.0056718933704163
4507,1.578070850996743
2702,2.60349905473627
3482,1.8742523729890024
2976,1.8097651435811202
1507,2.0475305600712312
1892,3.843571723846508
441,2.267211576993615
665,3.154527266936387
2600,1.624636892771847
3049,2.032978231242764
2938,1.3566212459868916
4303,2.5512677420752956
809,1.9154250370916515
3476,1.704495502006249
4056,1.8999388740459746
256,1.796931051202936
4057,1.8231649634035727
3170,3.580569717614739
2210,1.9230114520969912
1886,2.3160531717120074
3811,1.9557587086886308
2512,1.6106753986089288
1247,3.0273639357064934
1285,3.1588063789669545
2275,3.529098356777047
1791,1.9329512982995165
2432,1.563861884546305
3850,1.7572693594294697
2402,2.014197934362122
2728,1.635464691575309
4408,1.7993960685951933
4169,1.8048768995204205
3578,2.3852242405968562
4141,1.9502907501246967
265,1.5985626946015001
3045,2.3265043074840945
2759,2.063249630684214
4257,1.6449732269177233
1178,1.815636421189709
2538,2.0080900305808442
3331,1.9317563207104413
2121,7.91203964847257
2848,3.432967014257234
899,2.046709751430236
3752,1.9538627804078375
1561,1.597214090872544
1487,1.5822973134370475
3204,1.6325874645532301
2562,2.524639238734875
3984,1.5343959862081218
4056,1.6905590119731293
3107,1.7595140486288485
4513,1.4584014157661218
147,1.9418557336987419
1474,2.0453116764975023
2598,2.5632198141538183
2674,2.108898319223518
2996,1.6476483851658004
1850,2.57498402965713
2267,1.4493522511015837
2324,2.221230682136917
3244,1.1117066481917248
3817,1.7448713122666804
1286,1.9590506579479754
3382,2.5162108123391427
976,1.6600963350080042
490,3.8914493892720223
2553,2.2015465702399295
3968,1.8479041140253507
3231,1.2232707162425331
1733,1.4833704437373505
2700,1.6255734944341733
139,1.718492378141537
3995,5.003565053494367
1645,2.3305410726715143
3778,2.1365152205135054
3303,1.8240575166357307
212,2.1434470003660646
539,1.6686296624677788
3300,1.7294302879260364
2411,2.0514074483189924
4092,3.7624867277993346
3493,1.7377398386443985
2493,1.9144097107922318
1458,1.1388628468233506
1161,1.9760463221722069
4444,1.314553060656371
203,1.7118714923706058
4286,1.973067602174264
3329,2.4951067543486687
1594,2.616069959256038
3916,2.4021377356204163
4403,1.9708552617402924
456,1.7959584571275193
4117,2.1993666986954006
892,1.618224325886572
4186,1.90068972442934
1979,1.9775884516231699
3715,2.072679724660939
1534,2.1272689377777945
2982,1.3141712040149371
1301,1.7985787112785094
4441,1.7437228799369464
209,1.8809131284197256
846,3.1494533222836787
4434,1.9648967621378994
2313,1.829459755922319
903,2.0879242291498263
1883,3.789386994154486
2301,1.681336622310146
4123,1.7692819789437757
4431,2.007609661938016
1792,1.3048486769231058
2914,3.114653865091628
2494,1.6986503516403597
3161,1.8323590509442216
4278,1.5206923078518886
3434,1.794697474848417
1524,3.700988864449672
3409,2.0167523845626905
2641,1.7058017873782727
1015,2.4142135205321074
4435,1.3823817051943643
4276,2.0124205272950206
213,1.9301096925411145
3529,2.3708549364006406
3913,2.1636116422269596
2575,2.314818650677752
2589,2.0961516324440046
1747,1.674476069048622
1538,3.5109099189296904
3694,1.4267034729606771
536,1.8936438859736504
487,2.696762117352294
895,1.7391260341382229
199,2.955943256177018
96,1.7467696148531509
11,2.354363130782906
3083,1.381212600174158
2367,1.9655159796682402
2647,1.7054282684745758
2874,1.8149358262260065
3500,1.8695026311579823
3079,1.9500469014422244
3948,1.9557520905018293
2840,1.669390480986851
2833,1.7386719765281122
2149,2.060831563889996
3183,1.777659147615505
4268,1.6821150542791166
3480,1.7040035212841325
1419,1.3032933898211065
1164,1.6340208355722132
196,3.723360353074233
9,1.5435512170317902
2998,1.6373768535508966
675,1.6274038193990799
3735,1.4635081644732977
1820,2.6095643288710235
2299,1.76905575590507
1700,2.125692768752567
2086,2.17472217169962
1380,1.91580100077703
371,1.9839792067510582
3806,2.007013504627995
2278,2.449212207409712
2888,1.5124173824471296
3664,1.8786716428185444
3196,1.799717785540175
2536,2.3683416558137216
3700,1.8888181426741109
2206,2.3931703575233216
3987,1.7863668117669085
2558,2.1768540889877066
2899,2.392628690779477
1498,2.7520687906405064
2520,1.655693384115775
3267,2.0249295235396723
3464,1.8541707305985817
2758,2.2009126164413013
3798,2.2217100211729757
886,1.336909276663671
3793,1.5706317123964788
3643,1.9768878355236392
91,1.9748376249024537
595,1.5680644363416583
1839,1.7196622889404096
537,1.8898173988901952
4058,1.769165530105613
1782,1.6589691808604354
1586,2.0230783995196577
4358,1.814133224298524
747,2.4040470515006174
3177,1.5986460101137052
3108,2.18319443681304
2067,1.4199123202633432
1491,2.4210309312670737
3552,2.082459653825309
3078,1.5023337710685394
2527,1.947260268586725
3597,1.7034356070774397
138,1.968699298619364
2760,1.8445413001249584
713,2.0185526617106326
2363,2.279341408454248
3855,1.930455878291383
4429,1.7659593247984566
2442,1.6443819351146804
4094,2.208833415944186
2249,1.7510571614752934
402,3.2375774955245027
1989,1.6490770291953347
4027,1.5130901189852586
1228,1.780985493985464
959,2.315894982262187
4454,1.6148465819949305
2554,2.1805494937949335
368,1.9131644485807822
503,1.5312787170804216
179,2.5769955350095843
1543,5.198193813451628
265,3.6330897105535316
2576,2.0120051948475486
3315,1.3536827472492834
1543,2.092708059122605
2602,2.023196271869092
1537,4.5480842260550975
3027,2.557027029656267
1972,1.7494928496246864
3378,1.4377946085361775
4027,2.499183497156204
1216,1.8503099452278875
2745,1.6014881925714284
3487,2.007980211580579
10,1.601297030380009
4061,2.1164188495957412
2556,2.370784827806875
3497,1.598781654539999
1641,2.0701673471355795
2457,1.7748930631110198
3448,1.6604506656170563
2552,2.091453845877254
30,2.1476122350349014
3692,1.7248007094399262
718,1.8391028796515378
3216,1.6455203754421053
1563,1.472236230767996
1213,1.8564265347203643
1640,1.7188941938933393
1734,2.2085725288014664
3216,2.351727435111807
2953,1.5146534258691713
2445,2.156221970971334
2101,2.010951598183901
1691,1.6739791717349743
3287,1.6300681480612238
441,2.321099059693905
1894,1.548437040141407
3527,3.865278659844465
1423,1.7860296628974741
2182,2.1543387018029905
457,3.346052833329132
4133,1.996299426700507
3178,1.6528833766122375
3846,1.8045355062571176
683,1.674170323835042
4445,1.8723635850578997
2303,1.8981017859825116
3453,1.8345208192856006
207,2.1383399719146468
4424,1.2315950795605566
284,1.865311777078216
2544,1.829110504850517
2926,2.061601157162444
339,1.9811718770884632
166,2.082514062578877
947,2.413908525311946
2202,2.199964287602092
1955,2.778864313723844
240,1.8950245144522782
478,1.4662224528463632
3384,1.1497222200661725
309,1.8166573329470963
4167,1.7549598096306944
2907,1.573810608218556
1967,1.3319676784120407
4025,2.2884611255653873
346,1.834979451388201
3018,2.0847692899489796
513,1.6795022306538443
1282,2.481379035482205
3767,2.043408589670802
264,3.059812694273405
990,1.960649243137772
1769,2.5043123984324054
1975,2.333803958740025
3390,1.991397535527312
4415,1.3170706253277258
4140,1.6967353191880825
4078,2.0270010728484635
1499,3.6888059820245886
470,1.5469409550899607
601,1.732150918514958
1255,2.1622616181765992
3859,1.872101789138347
2228,4.00590728364378
3946,1.9202535437654795
3294,2.530868301080178
4015,2.339248919180526
969,3.822758465556111
4310,1.7709829413301759
4020,2.0349521464609213
224,1.7118307132366226
3098,2.145861323351014
3192,1.727677359027472
2584,2.347099430812131
4471,2.7043177281012825
2644,1.9018170149876927
1698,1.6049139320653558
2599,1.5202483754492193
1417,1.6168048212339834
2824,1.2581211990857706
3977,2.123450691894499
763,1.739259828739725
411,4.78860003981862
86,2.2047239106341583
2386,1.7236286861419934
800,2.7730384636878664
4106,1.775618607902811
3585,1.8900217269919786
1985,1.2766059510350203
1562,2.0462333650279447
1537,2.350462692928599
2082,2.8597812792272714
446,1.4094187941824705
2485,2.165412952884658
3877,1.7755243884307093
1223,1.7549678662964954
913,1.7440827241242935
360,2.1646150002012945
4258,1.817837286475082
953,5.133309466748342
4037,1.528400905732647
3610,1.5752203756619878
3987,2.1069992830405515
4006,2.276400132239872
317,1.2976498607304292
3749,1.6291231935164692
2516,2.1480987540429703
3981,1.7098126351896266
4150,2.796574154307735
3039,2.9721437249541722
3755,2.7066711854461905
485,2.9921206196408163
500,1.6434345799201182
2485,2.1438758323661498
1174,1.8351806088181402
3840,2.0806771693373323
956,2.241651241079185
491,2.482852124318803
1715,2.1310841453253007
2194,2.0173957043242225
676,2.1223078965538518
4136,2.497611491293383
3851,2.43423381260544
207,1.687600236734967
3564,1.9614720104580372
19,2.612931419732346
1096,2.445167624808775
2614,1.625759967434624
669,1.873801787857022
425,2.0993001179677426
1833,1.8838284983295637
3444,2.2998881302621976
4088,1.8541015040845026
3762,2.852777005488643
1006,1.8030620281107086
1512,3.631267406983916
4219,1.8069900221196882
898,2.403993434541449
1440,1.558309058767598
2158,2.1875308048790747
2657,2.190891934895205
638,2.0693247469526086
2102,1.891823410632839
2670,2.36637220196192
3616,2.1522031812751905
4113,1.6982275502820818
3775,1.9134286259621707
1608,2.186190202322367
3723,1.429771387673787
631,1.9985677564415532
1274,4.005689011118021
984,1.6293027206723205
2515,2.1505163576395794
2082,2.719964484954569
3559,1.979014449754385
2870,2.420968772972986
3947,1.2319948569392438
243,1.9852693073725702
2740,1.461709653705268
4238,1.6019340926397994
4021,2.316116702609004
2269,2.482593192371643
636,1.543830959470508
3272,2.286622462895564
722,1.6249653733655205
3892,7.001027075842602
2024,1.891412884164263
3964,1.7957047732652516
1840,1.9974038735199222
1930,1.6455686447565008
783,1.8311766899454969
1295,1.7129380310684206
2231,3.8056527682407917
1415,2.0962384029377885
3864,1.825188475388878
3427,2.1796733570180513
954,1.758180024802618
730,1.485614839651737
520,1.5983302452089667
3484,2.039406772457319
4108,2.749836589862793
3699,1.858715275311853
1842,1.8126333534536467
3613,2.459545625505213
686,2.6020110823101783
748,2.6136719818307137
2067,1.5838911241425548
3358,1.7811515627249328
2298,1.9824346980585588
1434,2.1179690869125363
3631,1.920926408870649
577,1.245911644445019
460,2.348302488017879
4130,1.712051785285556
3489,2.264487870753771
3321,1.6260788783903206
3608,1.5441390173443497
3227,1.1459703120363394
4107,2.076360615302426
3718,1.9057077704554282
1874,1.427766780665356
2898,1.933285238938442
1965,2.038832975607073
269,1.7735124359719194
2425,1.0019001300095929
1054,1.9621573648330994
1979,1.4578010966819082
3159,1.881635531928095
464,2.1521771924133106
2065,2.288685920725863
3577,2.0887406260422248
3119,1.8336259573624587
1020,2.582203868584377
3538,1.6964722413528264
203,3.3736494266018817
4516,1.7110960936827877
2173,1.4105807831134247
3866,1.7172685480452266
733,1.8660179573110303
4183,1.4700183079613285
3118,4.077157221699854
1195,2.0048671222485686
408,1.9667525027714716
3853,1.7668592517310457
4103,2.1319967275191374
2611,1.8221923514640541
2336,2.243758182945401
1297,1.5981720883386932
811,2.374038470700125
3595,1.6481563599314613
80,2.051397634278862
1033,2.6852024114230266
1809,2.002948681259287
4110,1.4626302538779057
2648,1.7384304824047028
1727,1.6861650661535896
1908,1.5226074110428343
1282,2.085273387716428
3231,1.9455316739727615
2784,1.402315902207199
2322,1.9712432463089749
3684,1.9717367576272147
3719,1.9283814066629503
2078,2.0432187839678795
1426,1.7148150313996346
4441,1.9650852284687907
1921,6.582179659372576
2728,1.8529582295134452
3872,5.300433481895142
812,3.319564805820753
3362,2.0478788010885807
1668,2.153863667858957
2773,2.3802895172671343
3860,1.8429837545234893
540,1.9287149497874316
1237,2.105755928551573
1312,2.451338719934791
2965,2.277269002714835
2165,2.80840687298342
3987,1.7291975731910068
782,1.603147040504588
1665,2.003186281293562
4461,1.6143712374319825
3826,2.480779003644996
1549,1.7225791440545866
3809,1.938872159228831
4401,2.25474924949897
1988,2.363179908895674
4036,1.4466113333207162
242,1.9416694023943737
867,1.2735572295360926
765,1.929207270302717
1394,4.385952992481613
2362,1.834668150431532
496,7.26649922065816
1998,2.3255751328774465
4213,4.846996404310003
1744,1.9168093922610694
2546,2.1868274399873826
982,2.199362699945669
517,2.2883602729226498
4434,1.7891800130176203
3022,2.40120354684138
4101,1.711463020228067
2997,1.6516826846252908
3526,2.7291293118480437
3646,1.6397044441968815
1274,3.9117536799697126
1398,2.3991591900928393
3500,2.0783335933598073
2959,2.0455440845651798
3203,1.8696556074968413
1048,1.807669076669668
2048,4.87619758312748
1689,1.747544250600755
1539,1.923540526429602
695,2.41613048857369
3607,2.2986917529139945
2207,2.3015830571308697
3421,2.939952055541417
2039,2.2073612465773915
4329,2.237338036884516
1100,2.552221869725773
386,1.8088702570954591
4116,2.396417546404901
3777,1.582848477221742
2066,2.26929729563279
2628,2.1368127862012627
1328,4.484304411540696
4016,1.76161873419472
3377,1.6815390488710982
1945,2.079087568911742
3437,1.5460842656073623
2208,1.9751276760871783
1850,2.243154109313508
3604,1.1757394648104276
2723,1.686332276442166
3307,1.8220790813210024
3942,2.171737905484244
3023,1.9491883692650063
2358,2.0344237526994857
1451,1.8445894538295682
597,1.6369141831807632
1409,2.1096921173627643
3245,1.7952449732945837
183,2.8444393219322235
3908,1.945402629720271
1997,1.570929657440756
784,1.9799064988070199
477,1.3816138984610162
1348,2.9596764211266633
2616,1.9479697178554325
3135,1.875152123026136
941,1.6089038080793532
2746,1.7083952227160306
4342,6.274813241903701
4292,2.1256253374099514
1027,1.597398058202067
1130,1.4317185076628147
2817,3.0172624788659648
177,1.787119945348889
2571,2.2490767114218753
802,2.0344785149873355
4317,1.5056148756209091
1798,2.1552081368508977
1303,1.603879517601986
1472,1.651787415572413
1266,1.771873047119626
3399,2.070034872051297
2589,1.7588813923968392
1053,2.8187178553824075
4180,3.0181408465231434
2069,2.28815815477137
244,2.0833897504304355
3942,1.538592597802154
2530,2.1744241648180194
3520,2.083898415219466
4161,1.740928228791392
2693,1.9293258451053004
294,2.3695446042024413
1360,2.0639553700345994
2318,1.8299338056825398
709,1.4048419990305967
416,1.9309999879010362
3819,2.5143266006296088
1982,2.146205887693781
2302,1.5577532733316173
966,1.8234062604536567
3487,1.767876456780354
2631,2.03953746889961
1649,2.3507191423292872
3505,2.5203302293067416
793,1.9328998811627536
3345,3.189339668494128
1688,1.9914908845762618
2859,2.619546603467833
523,1.5422834688859837
769,2.0357452188066048
1300,1.7226498080439587
2170,1.151868911164021
3612,1.826397410420406
381,1.686097736882406
3946,2.0650295944547334
49,1.4703211371710974
2013,2.3538604677226114
2815,2.7144713997529486
3998,1.9119526187689921
2065,2.0569985124804724
1189,4.038863594648554
1137,1.8064471662041393
2627,2.9095738766400068
2126,3.6925881182554976
3126,1.559982415325836
3455,2.2287660819659303
2887,1.3332471996788553
3995,1.91563323837214
1356,1.4096847302291597
101,1.6992579356845496
228,1.9894743513306903
1606,2.294346102102229
1673,1.8958161056442768
3487,2.107128209315353
681,1.623368010830027
4008,1.5073104255071712
3770,2.327256819920177
3553,1.8872960308094267
3694,1.6415348799502574
1018,1.801129425302743
2329,2.325251989556683
2269,1.804419973341087
3412,2.0467363101341585
266,2.5299507545459115
862,3.2627824874726956
1369,2.166188121419439
1783,1.8423045661492794
1341,1.7046042110852273
969,2.5934338980766314
1825,1.6538161259752246
1040,1.7603564364511477
4075,2.5642827600271643
2045,1.4233440831509518
4021,1.9404702036576242
1263,1.4761183542063736
4506,1.754170319379254
1718,2.3755339533377735
1955,3.147881404340895
2628,1.451584430273347
1699,1.7606911995861807
2232,2.6281267758370674
3624,1.8574147668412215
2087,4.409665004948481
295,4.309692169052457
2589,1.8635143997773855
3581,2.7852423061768294
104,2.674061488845741
4492,1.7147356741573803
352,1.883706836494045
517,2.0013882998871177
4436,2.0446759267954833
1541,3.088807066773177
4156,2.234319511375344
459,2.653941787986205
3071,1.171296639941168
1153,1.8951038244417482
4432,2.0393031639171397
3111,2.1479440149564
4226,2.1546269805855993
934,2.2193632531891803
2504,2.579423939749304
2293,1.7251472764214626
1559,1.6417014709216808
2000,1.1732895353680857
1808,2.4171951717763123
145,2.3079169368575636
968,6.590703648550725
837,1.7014178998593465
455,1.8667380084129455
15,1.8526541139842165
2393,1.34187819529401
2115,2.1873461282399087
4184,1.80547579076086
2516,2.177249095502228
2648,1.9813531181081365
2578,2.2984771129005415
2478,1.9928060904316216
363,1.659523070427094
206,3.0188694970366567
4073,2.4262708534436688
3416,2.3417779834300996
3029,1.7128270557980136
3984,2.0045697193370744
2915,1.423094040791637
3152,2.248304748266349
2470,2.2339649082634163
4022,2.0912813567401995
1110,1.6395738468762402
3486,1.7046398634752649
3054,2.3587172596682975
0,2.063534671979234
3942,1.7938247734073975
2400,2.275108266925739
2979,1.4841371511001626
4456,2.080771836771684
4435,1.8487067986998547
4456,2.188130543133956
1755,1.4942581831404667
986,2.0573275715365105
3804,1.5495200514111167
974,1.8513026182170464
4169,1.606258588455301
4397,1.4827694014767687
3940,2.695307766825903
4193,1.7266056883730978
4269,2.0314882724797956
1689,1.305098936410787
2572,1.6469292478957656
234,1.6549618968132727
3024,2.2686217885699094
2283,1.3718866763177635
1946,1.4717471704090284
4441,1.8066159942220121
2867,2.5520984382008285
4090,2.2274864606041076
1093,1.6968835915525564
4087,1.796815432039113
395,1.5862599003511497
1003,2.0589154738142894
2325,2.039460616070823
3662,7.168395207194754
1340,1.7110162033708054
2638,2.0374954730974686
2458,1.6899155958511245
2399,2.2294207062430758
2563,2.2890837288581936
1048,1.6825663867902851
1606,2.128567574426133
3370,2.0231199052279263
2293,2.5617237274571822
388,1.7077289927014097
4311,1.5548184634274373
2281,2.1081917617520594
2167,3.0878711303356297
4266,1.9884967715479498
3364,1.6195533649530134
1162,1.5968638747360122
1982,1.7701617821770732
2366,1.9787099181881431
1697,1.5774887681729364
854,2.8118383518680536
1352,2.7256489579786605
2247,1.8523944066870197
4250,1.9572060976625347
558,2.671741299879311
2649,2.486685934050638
316,1.8281382317773942
3268,2.1193691832971937
275,1.358302532809019
852,2.8304279185903787
4068,1.9329760281931203
1443,1.531925019482045
1889,2.8456513100291034
2526,2.5281773982851354
1848,1.8677294617914413
3891,10.013395118045441
2711,1.5389441999663864
2904,1.5723142020964065
3090,1.8907860921936066
4023,1.9962786457670263
3109,1.9588201557889193
4190,2.0047292956590637
1893,2.130951674103435
3407,2.607696544400903
400,2.5489388497629095
3105,1.2168334951294066
1583,1.4507672445459057
3316,1.777829419063984
2482,1.6109333326056654
3367,2.456388093172635
437,1.5643005231876321
4364,2.402993868242473
2828,1.6931123244866277
3713,1.8550581873353351
1777,1.768751432402882
948,5.499373680636063
4041,3.0179190488378755
3659,11.408676055502209
3880,1.6151370920278239
4463,1.6200365981606804
1071,2.693738679586933
3002,1.7517410614508644
3453,2.9678047576428606
4261,1.6067458134003807
2341,1.6827210166942748
2491,3.013499097773117
2435,2.1244562698240874
199,2.294374998791482
255,1.8396982733865506
1990,1.9762237788347796
2608,4.996724983843562
1645,1.7149783362848132
1306,1.6839544162314326
3550,2.0649191713962822
1966,1.8160845203848648
2912,3.2515501637404647
1681,1.689167573797829
533,2.1264021938125155
1389,2.8025539957793884
3900,1.413711027621871
1274,4.227614538216448
842,3.8953801013579588
3570,1.9972819286876509
4092,2.483854126449193
442,2.1899541680040406
827,1.4275732208481375
309,2.1702023410018567
117,1.7069814568406585
2076,3.1070272078589225
293,2.402300127248632
3154,1.5642787709914716
4191,1.9387882574711117
2488,1.8111274890058908
804,2.352262666905684
413,1.656176305756496
1076,2.205567858734976
2648,1.7919693985259393
853,2.549938291808405
2962,1.3602630090997558
2560,2.306648604460125
2292,2.0944708633586524
2500,1.652153225015822
3565,1.5472198996813127
3994,2.8576569022283045
2638,1.8318492708805114
754,1.7834681507699828
3794,1.9960438270215204
1293,2.1255808077179372
625,2.066824523757671
249,2.04754651166652
3197,1.7618584093357588
4439,1.829302393645745
921,1.6879436571287119
1998,1.8174566009884152
2671,2.067161419667954
4209,1.7919460887576495
4310,1.8095772851321807
4299,1.6247627191663696
87,1.9522086983481852
249,2.4559909051380915
3597,1.7979111884885761
1082,1.6892054018294913
2683,4.299707582907249
328,2.063089838752997
695,2.4297428567561044
2571,1.5802573251752783
4105,1.6985729921016421
356,1.7587226206286264
2190,2.267663804678868
384,1.6441552459914224
2943,1.5941197199311197
4004,2.2884531718902146
4433,1.8946902205755094
2800,1.5140033612580241
2507,3.145493884650243
786,2.1927838226526104
4012,2.304229480783583
3801,1.5593929387984375
1643,2.0796425058698595
24,2.5952685442984835
2839,2.1926475107364025
2918,2.0580556892042825
3026,1.8771987554208196
1987,2.0374548528398106
2029,1.6970459528912738
404,2.0760589856942486
2671,2.1064288493978855
749,1.4782694255387392
2065,1.7800787752806109
2065,2.230257073577085
840,1.66741567857604
4014,2.1877570741513446
2723,1.7060362130484108
1982,1.6919236012557222
2319,1.8260372630356951
2726,1.9617798221529903
495,3.2054749783626875
1638,2.6149210585926546
2198,1.786996326819467
2612,1.6507408918637272
1606,2.420395387216936
3883,1.6736387525161107
3909,2.2589197100210523
2476,1.8818246228786506
805,1.8255963278795346
4120,1.2523506247178513
867,1.8651786361511662
3467,1.629100424610991
3881,1.5624154783807092
1533,2.1024818008806334
1597,2.8709929665773006
3094,1.3740541334045342
2511,2.008424536357908
4102,2.4461767615365417
4140,1.440663761697574
1062,2.015206787266135
850,1.8168357611601702
2788,1.4932038660380722
524,1.7496066425921577
435,2.2961488148001976
2840,2.2508835475020286
9,1.6943111131635438
3200,1.6430055876861336
3186,1.6521925829439261
3184,2.026474231946105
4252,1.792034368963959
2234,1.8689483250889243
3938,2.144129516360254
1756,1.4094496226671123
4338,2.8120642559275297
3981,1.8225970382691556
1301,2.3229756064009432
2311,1.9467212043841626
2545,2.843059024565082
3204,1.6709614520873841
2525,2.0411814981937466
285,2.5002182752638715
2549,1.3975005788846366
2298,1.8836942873403746
1107,1.9349893887022052
3091,1.6671108901269704
4095,1.9591689279713402
3153,1.7382975013542357
2135,4.025281758619123
874,3.0783069677955175
1176,1.534036615086799
4417,1.1302410307147486
31,2.7157913317199487
4100,3.97069817385277
2555,2.123058407946627
4084,3.1726809304300936
226,2.7407092815863403
1254,1.8620146006566134
2594,1.8197716826188182
880,1.899775776274728
3082,1.7964251298598324
3060,1.8855342664436576
2414,1.7224230000982559
2790,1.6999162649580697
2397,1.4656995719205808
496,5.975705929313266
1188,6.431963794719678
4160,1.6661127826999274
3946,2.008452395126992
1799,1.6921409543770465
2061,1.4327172980534677
1529,3.0553712486527944
975,2.571337091514152
2631,1.5513212555278126
3308,2.34205960936924
2113,2.370473330943896
612,1.4913352443384214
2432,1.478278701658288
3989,2.4445691676285017
4425,1.1611409693306378
2388,1.5987781538144474
2105,2.298576661951823
273,1.5806326612886923
908,1.658940860911423
3468,1.5530103199471508
499,2.351823191473094
864,1.717152319551457
1042,2.677052001048094
562,1.7599785290560366
767,2.0241171320075546
118,2.173937379615605
3796,1.7071814338631044
1363,2.143455228750333
194,3.601559089743546
463,1.8408615781111783
933,2.3693274390611636
4171,2.910291375463461
1070,2.0200251151351636
3825,3.8042347578799074
3522,3.360900127867663
4473,1.8240547753562582
3247,2.055559638279073
798,1.8699518593802238
668,1.8007988037292335
129,0.9516172393128797
1074,1.948096977018904
1403,2.591272170105319
664,1.853805064599537
3333,1.7693171050313503
64,1.606777390702541
2935,1.9027919258708217
2434,2.004721536511267
1986,1.422671578968319
3239,1.813373448073224
2296,1.796202554892152
4048,1.436371751758171
2548,1.890992384125817
4422,1.8472814838378953
1594,2.6349081506024796
1542,2.6383594194989843
1577,1.811358755250352
93,1.523529521680252
3526,3.2837084327616033
2897,1.5994735253246222
4289,1.947446236063667
473,1.3570803151328807
1778,1.9356273503384667
2403,1.8278974342176753
3411,1.7591643926061806
3001,1.8686108812506146
4144,1.8556593771272112
2805,1.5956839099391167
4017,1.9185584080153002
2248,2.0929502130683892
3399,1.7065921638022168
1028,1.8557563521631146
203,3.9039048437798662
611,2.1649825464196053
1980,2.035523713204029
1035,4.783724344263636
1106,1.7025989835848783
3724,1.6914154522359361
1846,2.289471359080382
2021,2.423801153668245
3976,2.220550212987151
1098,2.229068778833257
1031,2.068067887692398
4028,1.962352661929641
3317,1.8890027647385637
826,2.2009503140421014
291,2.500295649701004
4152,2.7376617317172873
1309,1.6914285108439038
1421,1.8016064259772435
3030,1.5068385212895898
2792,2.467589937452997
4432,2.0393303059183303
440,2.072974717929217
4178,2.0079518637815013
1241,2.0381931763751475
1982,1.9624910467730623
3963,1.8128973660566174
2706,1.4556228790266448
2506,2.732118926377294
2418,1.758473115884368
2191,1.5156717585484225
846,2.8710336087936517
871,1.637042600368386
2277,1.788535936247715
1116,1.6171960205380782
3579,2.3565108264178742
936,2.6787554846035144
2908,1.3716870540176542
4055,1.0928901789399863
1607,2.419694770152667
697,2.2045566820770652
1679,1.4830134676861513
3564,2.736390545482183
4300,1.4142755833387357
776,2.456094034841411
2914,1.6389275510939805
3181,1.7219759894369115
189,1.7779805335625212
52,1.7523697967320992
1676,2.5388655900459884
4337,4.26555115605097
2656,2.0605872189503236
504,1.6579271907576891
1642,1.8346654952930828
4341,2.939265714692991
3213,1.5464477110974517
2128,2.7937193352631615
3375,1.687718287609966
3373,1.92585923066791
3939,2.3293207254719475
961,1.860023221297287
3417,1.6946223679848837
2489,2.252159290968674
3174,2.2808872071182873
